"Class","Fingerprint","PostId","TimeUp","SWidth","SHeight","ScreenX","ScreenXUp","ScreenY","ScreenYUp","Force","ForceUp","RadiusX","RadiusY"
"f","1558376879126121863",1169490,0,360,749,251,320,507,678,1,0,0.33310502767562866,0.33310502767562866
"f","cba2c4d1ab1b7a2a2b70a34dbd104906",1182238,0,320,568,284,257,3177,3256,0,0,25.5242919921875,25.5242919921875
"f","6b8fbc70620fe6fbf126f8843d2b5659",1169490,662,360,780,256,337,483,158,2.669999837875366,0,27.5,25
"f","00feb567589f946eda1fe958e86693e2",1169490,219,360,640,335,351,411,374,0.16862745583057404,0,0,0
"f","1558376879126121863",1169490,149,360,749,185,280,653,480,1,0,0.4996574819087982,0.4996574819087982
"f","cba2c4d1ab1b7a2a2b70a34dbd104906",1182238,956,320,568,301,306,4545,4533,0,0,25.5242919921875,25.5242919921875
"f","6b8fbc70620fe6fbf126f8843d2b5659",1169490,64,360,780,283,280,496,350,2.5399999618530273,0,25,27.5
"f","00feb567589f946eda1fe958e86693e2",1169490,538,360,640,287,322,452,398,0.1098039299249649,0,0,0
"f","1558376879126121863",1169490,269,360,749,203,280,545,286,1,0,0.6662100553512573,0.6662100553512573
"f","cba2c4d1ab1b7a2a2b70a34dbd104906",1182238,152,320,568,280,287,4124,4074,0,0,25.5242919921875,25.5242919921875
"f","6b8fbc70620fe6fbf126f8843d2b5659",1169490,193,360,780,309,315,483,460,1.9499999284744263,0,25,20
"f","00feb567589f946eda1fe958e86693e2",1169490,81,360,640,305,341,514,407,0.13725490868091583,0,0,0
"f","1558376879126121863",1169490,119,360,749,305,221,342,626,1,0,0.4996574819087982,0.4996574819087982
"f","cba2c4d1ab1b7a2a2b70a34dbd104906",1182238,479,320,568,271,278,4000,3990,0,0,25.5242919921875,25.5242919921875
"f","6b8fbc70620fe6fbf126f8843d2b5659",1169490,59,360,780,253,236,236,374,3.9599997997283936,0,32.5,30
"f","00feb567589f946eda1fe958e86693e2",1169490,0,360,640,94,85,307,456,0.18431372940540314,0,0,0
"f","1558376879126121863",1169490,310,360,749,236,349,647,422,1,0,0.16655251383781433,0.16655251383781433
"f","cba2c4d1ab1b7a2a2b70a34dbd104906",1182238,438,320,568,290,299,4560,4544,0,0,25.5242919921875,25.5242919921875
"f","6b8fbc70620fe6fbf126f8843d2b5659",1169490,96,360,780,300,297,574,507,1.75,0,22.5,27.5
"f","00feb567589f946eda1fe958e86693e2",1169490,339,360,640,316,331,412,387,0.16470588743686676,0,0,0
"f","1558376879126121863",1169490,113,360,749,329,215,296,554,1,0,0.4996574819087982,0.4996574819087982
"f","cba2c4d1ab1b7a2a2b70a34dbd104906",1182238,467,320,568,284,300,4441,4431,0,0,25.5242919921875,25.5242919921875
"f","6b8fbc70620fe6fbf126f8843d2b5659",1169490,453,360,780,277,275,414,378,2.109999895095825,0,25,27.5
"f","00feb567589f946eda1fe958e86693e2",1169490,0,360,640,94,85,307,456,0.18431372940540314,0,0,0
"f","1558376879126121863",1169490,908,360,749,245,321,581,198,1,0,0.4996574819087982,0.4996574819087982
"f","cba2c4d1ab1b7a2a2b70a34dbd104906",1182238,464,320,568,270,280,4053,4038,0,0,25.5242919921875,25.5242919921875
"f","6b8fbc70620fe6fbf126f8843d2b5659",1169490,199,360,780,319,320,583,454,1.659999966621399,0,25,30
"f","00feb567589f946eda1fe958e86693e2",1169490,1193,360,640,11,0,514,194,0.15294118225574493,0,0,0
"f","1558376879126121863",1169490,143,360,749,209,287,512,268,1,0,0.4996574819087982,0.4996574819087982
"f","cba2c4d1ab1b7a2a2b70a34dbd104906",1182238,0,320,568,284,257,3177,3256,0,0,25.5242919921875,25.5242919921875
"f","6b8fbc70620fe6fbf126f8843d2b5659",1169490,350,360,780,293,302,446,388,1.8399999141693115,0,27.5,20
"f","00feb567589f946eda1fe958e86693e2",1169490,83,360,640,283,326,468,398,0.1568627506494522,0,0,0
"f","1558376879126121863",1169490,533,360,749,175,335,649,418,1,0,0.4996574819087982,0.4996574819087982
"f","cba2c4d1ab1b7a2a2b70a34dbd104906",1182238,142,320,568,222,237,3381,3464,0,0,25.5242919921875,25.5242919921875
"f","6b8fbc70620fe6fbf126f8843d2b5659",1169490,45,360,780,244,271,453,323,2.2100000381469727,0,27.5,25
"f","00feb567589f946eda1fe958e86693e2",1169490,102,360,640,283,346,475,384,0.1725490242242813,0,0,0
"f","1558376879126121863",1169490,1380,360,749,174,222,594,562,1,0,0.4996574819087982,0.4996574819087982
"f","cba2c4d1ab1b7a2a2b70a34dbd104906",1182238,336,320,568,224,250,3494,3472,0,0,25.5242919921875,25.5242919921875
"f","6b8fbc70620fe6fbf126f8843d2b5659",1169490,125,360,780,307,313,578,482,1.399999976158142,0,20,22.5
"f","00feb567589f946eda1fe958e86693e2",1169490,0,360,640,36,337,515,387,0.13333334028720856,0,0,0
"f","1558376879126121863",1169490,95,360,749,173,173,697,697,1,0,0.4996574819087982,0.4996574819087982
"f","cba2c4d1ab1b7a2a2b70a34dbd104906",1182238,2959,320,568,222,229,3237,3161,0,0,38.290771484375,38.290771484375
"f","6b8fbc70620fe6fbf126f8843d2b5659",1169490,895,360,780,298,314,486,605,2.5899999141693115,0,30,22.5
"f","00feb567589f946eda1fe958e86693e2",1169490,338,360,640,272,302,497,423,0.0784313753247261,0,0,0
"f","1558376879126121863",1169490,399,360,749,251,332,507,342,1,0,0.33310502767562866,0.33310502767562866
"f","cba2c4d1ab1b7a2a2b70a34dbd104906",1182238,285,320,568,264,269,3911,3900,0,0,25.5242919921875,25.5242919921875
"f","6b8fbc70620fe6fbf126f8843d2b5659",1169490,191,360,780,301,301,474,474,2.1399998664855957,0,30,22.5
"f","00feb567589f946eda1fe958e86693e2",1169490,309,360,640,277,313,474,414,0.11372549831867218,0,0,0
"f","cba2c4d1ab1b7a2a2b70a34dbd104906",1169490,148,320,568,256,253,2788,2752,0,0,25.5242919921875,25.5242919921875
"f","6b8fbc70620fe6fbf126f8843d2b5659",1169490,550,360,780,284,303,564,482,1.8199999332427979,0,25,27.5
"f","00feb567589f946eda1fe958e86693e2",1169490,596,360,640,66,24,476,572,0.10588236153125763,0,0,0
"f","cba2c4d1ab1b7a2a2b70a34dbd104906",1182238,475,320,568,264,269,3405,3394,0,0,25.5242919921875,25.5242919921875
"f","6b8fbc70620fe6fbf126f8843d2b5659",1169490,49,360,780,276,276,457,589,2.2100000381469727,0,30,22.5
"f","00feb567589f946eda1fe958e86693e2",1169490,134,360,640,33,71,586,437,0.15294118225574493,0,0,0
"f","cba2c4d1ab1b7a2a2b70a34dbd104906",1182238,704,320,568,263,283,3532,3521,0,0,25.5242919921875,25.5242919921875
"f","6b8fbc70620fe6fbf126f8843d2b5659",1169490,852,360,780,317,304,437,468,2.9800000190734863,0,30,25
"f","00feb567589f946eda1fe958e86693e2",1169490,0,360,640,36,337,515,387,0.13333334028720856,0,0,0
"f","cba2c4d1ab1b7a2a2b70a34dbd104906",1169490,1061,320,568,254,252,1148,982,0,0,25.5242919921875,25.5242919921875
"f","6b8fbc70620fe6fbf126f8843d2b5659",1169490,74,360,780,238,244,467,312,2.679999828338623,0,27.5,30
"f","00feb567589f946eda1fe958e86693e2",1169490,274,360,640,67,43,543,309,0.11764706671237946,0,0,0
"f","cba2c4d1ab1b7a2a2b70a34dbd104906",1182238,791,320,568,224,219,3169,3180,0,0,38.290771484375,38.290771484375
"f","6b8fbc70620fe6fbf126f8843d2b5659",1169490,98,360,780,303,303,567,475,1.75,0,22.5,27.5
"f","00feb567589f946eda1fe958e86693e2",1169490,634,360,640,88,59,431,577,0.1568627506494522,0,0,0
"f","cba2c4d1ab1b7a2a2b70a34dbd104906",1182238,275,320,568,235,257,3734,3710,0,0,25.5242919921875,25.5242919921875
"f","6b8fbc70620fe6fbf126f8843d2b5659",1169490,76,360,780,312,307,438,588,2.369999885559082,0,30,25
"f","72b7ccbe2da3a6f7889acba3e7b401d4",1169490,1919,360,720,306,326,387,325,0.003921568859368563,0,0,0
"f","322061f16e1b5803cab36394f9f9c9de",1169490,4953,320,568,232,100,1767,2097,0,0,25.5242919921875,25.5242919921875
"f","72b7ccbe2da3a6f7889acba3e7b401d4",1169490,1076,360,720,267,334,522,321,0.003921568859368563,0,0,0
"f","322061f16e1b5803cab36394f9f9c9de",1169490,399,320,568,210,133,1157,1191,0,0,25.5242919921875,25.5242919921875
"f","72b7ccbe2da3a6f7889acba3e7b401d4",1169490,1919,360,720,306,326,387,325,0.003921568859368563,0,0,0
"f","322061f16e1b5803cab36394f9f9c9de",1169490,149,320,568,197,259,1441,1376,0,0,38.290771484375,38.290771484375
"f","72b7ccbe2da3a6f7889acba3e7b401d4",1169490,319,360,720,249,303,583,420,0.003921568859368563,0,0,0
"f","322061f16e1b5803cab36394f9f9c9de",1169490,244,320,568,235,146,414,440,0,0,38.290771484375,38.290771484375
"f","72b7ccbe2da3a6f7889acba3e7b401d4",1169490,1162,360,720,267,342,515,300,0.003921568859368563,0,0,0
"f","322061f16e1b5803cab36394f9f9c9de",1169490,176,320,568,162,242,557,525,0,0,38.290771484375,38.290771484375
"f","72b7ccbe2da3a6f7889acba3e7b401d4",1169490,1919,360,720,306,326,387,325,0.003921568859368563,0,0,0
"f","322061f16e1b5803cab36394f9f9c9de",1169490,295,320,568,226,278,1007,999,0,0,38.290771484375,38.290771484375
"f","cba2c4d1ab1b7a2a2b70a34dbd104906",1169490,405,320,568,266,279,3000,2985,0,0,25.5242919921875,25.5242919921875
"f","322061f16e1b5803cab36394f9f9c9de",1169490,4951,320,568,232,100,1767,2097,0,0,25.5242919921875,25.5242919921875
"f","cba2c4d1ab1b7a2a2b70a34dbd104906",1169490,81,320,568,248,263,2335,2258,0,0,25.5242919921875,25.5242919921875
"f","322061f16e1b5803cab36394f9f9c9de",1169490,399,320,568,210,133,1157,1191,0,0,25.5242919921875,25.5242919921875
"f","cba2c4d1ab1b7a2a2b70a34dbd104906",1169490,120,320,568,252,257,2048,1994,0,0,25.5242919921875,25.5242919921875
"f","322061f16e1b5803cab36394f9f9c9de",1169490,636,320,568,226,276,117,100,0,0,25.5242919921875,25.5242919921875
"f","cba2c4d1ab1b7a2a2b70a34dbd104906",1169490,356,320,568,232,248,1169,1128,0,0,25.5242919921875,25.5242919921875
"f","322061f16e1b5803cab36394f9f9c9de",1169490,176,320,568,162,242,557,525,0,0,38.290771484375,38.290771484375
"f","cba2c4d1ab1b7a2a2b70a34dbd104906",1169490,621,320,568,252,260,1430,1417,0,0,25.5242919921875,25.5242919921875
"f","322061f16e1b5803cab36394f9f9c9de",1169490,295,320,568,226,278,1007,999,0,0,38.290771484375,38.290771484375
"f","cba2c4d1ab1b7a2a2b70a34dbd104906",1169490,789,320,568,64,29,294,282,0,0,51.048583984375,51.048583984375
"f","322061f16e1b5803cab36394f9f9c9de",1169490,149,320,568,197,259,1441,1376,0,0,38.290771484375,38.290771484375
"f","cba2c4d1ab1b7a2a2b70a34dbd104906",1169490,148,320,568,248,236,1737,1679,0,0,25.5242919921875,25.5242919921875
"f","322061f16e1b5803cab36394f9f9c9de",1169490,85,320,568,184,300,381,325,0,0,38.290771484375,38.290771484375
"f","cba2c4d1ab1b7a2a2b70a34dbd104906",1169490,118,320,568,260,252,1544,1471,0,0,25.5242919921875,25.5242919921875
"f","322061f16e1b5803cab36394f9f9c9de",1169490,88,320,568,189,283,1158,979,0,0,38.290771484375,38.290771484375
"f","cba2c4d1ab1b7a2a2b70a34dbd104906",1169490,1455,320,568,56,29,298,223,0,0,51.048583984375,51.048583984375
"f","322061f16e1b5803cab36394f9f9c9de",1169490,212,320,568,179,277,359,337,0,0,25.5242919921875,25.5242919921875
"f","cba2c4d1ab1b7a2a2b70a34dbd104906",1169490,2999,320,568,81,87,381,387,0,0,38.290771484375,38.290771484375
"f","322061f16e1b5803cab36394f9f9c9de",1169490,163,320,568,203,159,581,619,0,0,25.5242919921875,25.5242919921875
"f","cba2c4d1ab1b7a2a2b70a34dbd104906",1169490,395,320,568,264,269,928,916,0,0,25.5242919921875,25.5242919921875
"f","322061f16e1b5803cab36394f9f9c9de",1169490,88,320,568,189,283,1158,979,0,0,38.290771484375,38.290771484375
"f","cba2c4d1ab1b7a2a2b70a34dbd104906",1169490,394,320,568,298,311,438,405,0,0,25.5242919921875,25.5242919921875
"f","1557811114505039991",1169490,295,360,760,11,12,403,342,0.05098039656877518,0,0,0
"f","77855fed15a8f0b4ecf05bb058c35a16",1169490,114,360,749,329,215,296,554,1,0,0.4996574819087982,0.4996574819087982
"f","1557811114505039991",1169490,251,360,760,8,7,438,340,0.062745101749897,0,0,0
"f","77855fed15a8f0b4ecf05bb058c35a16",1169490,142,360,749,209,287,512,268,1,0,0.4996574819087982,0.4996574819087982
"f","1557811114505039991",1169490,489,360,760,10,35,408,484,0.04313725605607033,0,0,0
"f","77855fed15a8f0b4ecf05bb058c35a16",1169490,533,360,749,175,335,649,418,1,0,0.4996574819087982,0.4996574819087982
"f","1557811114505039991",1169490,323,360,760,11,5,403,297,0.0470588281750679,0,0,0
"f","77855fed15a8f0b4ecf05bb058c35a16",1169490,1380,360,749,174,222,594,562,1,0,0.4996574819087982,0.4996574819087982
"f","1557811114505039991",1169490,315,360,760,10,9,415,316,0.04313725605607033,0,0,0
"f","77855fed15a8f0b4ecf05bb058c35a16",1169490,908,360,749,245,321,581,198,1,0,0.4996574819087982,0.4996574819087982
"f","1557811114505039991",1169490,855,360,760,8,8,416,301,0.03529411926865578,0,0,0
"f","77855fed15a8f0b4ecf05bb058c35a16",1169490,119,360,749,305,221,342,626,1,0,0.4996574819087982,0.4996574819087982
"f","1557811114505039991",1169490,164,360,760,4,8,388,290,0.06666667014360428,0,0,0
"f","77855fed15a8f0b4ecf05bb058c35a16",1169490,310,360,749,236,349,647,422,1,0,0.16655251383781433,0.16655251383781433
"f","1557811114505039991",1169490,261,360,760,19,10,397,306,0.0470588281750679,0,0,0
"f","77855fed15a8f0b4ecf05bb058c35a16",1169490,0,360,749,251,320,507,678,1,0,0.33310502767562866,0.33310502767562866
"f","1557811114505039991",1169490,274,360,760,4,7,435,312,0.07058823853731155,0,0,0
"f","77855fed15a8f0b4ecf05bb058c35a16",1169490,400,360,749,251,332,507,342,1,0,0.33310502767562866,0.33310502767562866
"f","1557811114505039991",1169490,82,360,760,26,50,280,441,0.09803922474384308,0,0,0
"f","77855fed15a8f0b4ecf05bb058c35a16",1169490,269,360,749,203,280,545,286,1,0,0.6662100553512573,0.6662100553512573
"f","1557811114505039991",1169490,592,360,760,7,6,424,267,0.05490196496248245,0,0,0
"f","77855fed15a8f0b4ecf05bb058c35a16",1169490,149,360,749,185,280,653,480,1,0,0.4996574819087982,0.4996574819087982
"f","c17c7e4503d644d48e4149d50b742a82",1169490,260,375,667,292,241,596,607,0,0.02,38.47137451171875,38.47137451171875
"f","77855fed15a8f0b4ecf05bb058c35a16",1169490,96,360,749,173,173,697,697,1,0,0.4996574819087982,0.4996574819087982
"f","c17c7e4503d644d48e4149d50b742a82",1169490,279,375,667,298,325,634,627,0,0.02,38.47137451171875,38.47137451171875
"f","c17c7e4503d644d48e4149d50b742a82",1169490,209,375,667,249,306,1214,1198,0,0.045,38.47137451171875,38.47137451171875
"f","c17c7e4503d644d48e4149d50b742a82",1169490,122,375,667,280,317,1438,1409,0,0.065,64.12913513183594,64.12913513183594
"f","c17c7e4503d644d48e4149d50b742a82",1169490,309,375,667,307,322,479,470,0,0.02,51.30534362792969,51.30534362792969
"f","c17c7e4503d644d48e4149d50b742a82",1169490,295,375,667,203,249,1358,1348,0,0.02,38.47137451171875,38.47137451171875
"m","53b64167ddfe244f4382d0ab43e36753",1169490,109,375,667,280,277,400,348,0,0.024999999627470973,38.47137451171875,38.47137451171875
"m","amp-wC9KIQaE_tAL_w-Xd9ubTw",1169490,0,360,640,91,69,547,436,1,0,2.6647391319274902,2.6647391319274902
"m","93646a72e6b2080d19a211e210265e16",1169490,309,360,640,234,266,529,407,1,0,0,0
"m","8288df56209a55930e9521b2393efc1b",1182306,0,360,760,283,145,469,407,0.003921568859368563,0,0,0
"m","53b64167ddfe244f4382d0ab43e36753",1169490,261,375,667,160,187,1016,1002,0,0.01874999972060323,25.6475830078125,25.6475830078125
"m","amp-wC9KIQaE_tAL_w-Xd9ubTw",1169490,0,360,640,91,69,547,436,1,0,2.6647391319274902,2.6647391319274902
"m","93646a72e6b2080d19a211e210265e16",1182238,607,360,640,216,257,536,458,1,0,0,0
"m","8288df56209a55930e9521b2393efc1b",1182306,497,360,760,268,268,522,560,0.003921568859368563,0,0,0
"m","53b64167ddfe244f4382d0ab43e36753",1169490,643,375,667,313,275,315,341,0,0.024999999627470973,38.47137451171875,38.47137451171875
"m","amp-wC9KIQaE_tAL_w-Xd9ubTw",1169490,346,360,640,81,46,552,362,1,0,2.6647391319274902,2.6647391319274902
"m","93646a72e6b2080d19a211e210265e16",1182238,499,360,640,230,277,524,423,1,0,0,0
"m","8288df56209a55930e9521b2393efc1b",1182306,49,360,760,286,315,500,396,0.003921568859368563,0,0,0
"m","53b64167ddfe244f4382d0ab43e36753",1169490,86,375,667,238,248,467,401,0,0.024999999627470973,38.47137451171875,38.47137451171875
"m","amp-wC9KIQaE_tAL_w-Xd9ubTw",1169490,0,360,640,91,69,547,436,1,0,2.6647391319274902,2.6647391319274902
"m","93646a72e6b2080d19a211e210265e16",1182238,144,360,640,239,269,522,431,1,0,0,0
"m","8288df56209a55930e9521b2393efc1b",1182306,0,360,760,292,327,493,396,0.003921568859368563,0,0,0
"m","53b64167ddfe244f4382d0ab43e36753",1169490,832,375,667,240,256,1138,1154,0,0.03749999944120646,38.47137451171875,38.47137451171875
"m","amp-wC9KIQaE_tAL_w-Xd9ubTw",1169490,0,360,640,91,69,547,436,1,0,2.6647391319274902,2.6647391319274902
"m","93646a72e6b2080d19a211e210265e16",1182238,91,360,640,233,264,524,436,1,0,0,0
"m","8288df56209a55930e9521b2393efc1b",1182306,389,360,760,295,308,439,435,0.003921568859368563,0,0,0
"m","53b64167ddfe244f4382d0ab43e36753",1169490,448,375,667,214,240,1022,1012,0,0.028124999580904843,38.47137451171875,38.47137451171875
"m","amp-wC9KIQaE_tAL_w-Xd9ubTw",1169490,92,360,640,311,311,578,578,1,0,2.6647391319274902,2.6647391319274902
"m","93646a72e6b2080d19a211e210265e16",1182235,59,360,640,227,255,544,451,1,0,0,0
"m","8288df56209a55930e9521b2393efc1b",1182306,0,360,760,283,145,469,407,0.003921568859368563,0,0,0
"m","53b64167ddfe244f4382d0ab43e36753",1169490,142,375,667,221,225,1687,1652,0,0.024999999627470973,25.6475830078125,25.6475830078125
"m","98335e9192e31111a8ba0cf2782eddc5",1182238,185,320,568,309,309,38,38,0,0,38.290771484375,38.290771484375
"m","93646a72e6b2080d19a211e210265e16",1182238,125,360,640,236,259,529,461,1,0,0,0
"m","8288df56209a55930e9521b2393efc1b",1182306,850,360,760,329,286,400,612,0.003921568859368563,0,0,0
"m","53b64167ddfe244f4382d0ab43e36753",1182249,0,375,667,247,214,1974,383,0,0.0031249999534338716,38.47137451171875,38.47137451171875
"m","98335e9192e31111a8ba0cf2782eddc5",1182238,185,320,568,189,173,189,268,0,0,38.290771484375,38.290771484375
"m","93646a72e6b2080d19a211e210265e16",1182235,323,360,640,230,275,529,410,1,0,0,0
"m","8288df56209a55930e9521b2393efc1b",1169490,372,360,760,266,312,540,431,0.003921568859368563,0,0,0
"m","53b64167ddfe244f4382d0ab43e36753",1169490,343,375,667,221,241,1489,1479,0,0.03124999953433872,38.47137451171875,38.47137451171875
"m","98335e9192e31111a8ba0cf2782eddc5",1182238,185,320,568,189,173,189,268,0,0,38.290771484375,38.290771484375
"m","93646a72e6b2080d19a211e210265e16",1182235,119,360,640,233,265,520,429,1,0,0,0
"m","8288df56209a55930e9521b2393efc1b",1182306,389,360,760,295,308,439,435,0.003921568859368563,0,0,0
"m","53b64167ddfe244f4382d0ab43e36753",1169490,77,375,667,257,251,357,289,0,0.01874999972060323,25.6475830078125,25.6475830078125
"m","98335e9192e31111a8ba0cf2782eddc5",1182238,189,320,568,313,313,3171,3171,0,0,25.5242919921875,25.5242919921875
"m","93646a72e6b2080d19a211e210265e16",1169490,1718,360,640,222,271,536,395,1,0,0,0
"m","8288df56209a55930e9521b2393efc1b",1169490,218,360,760,257,302,553,437,0.003921568859368563,0,0,0
"m","53b64167ddfe244f4382d0ab43e36753",1182249,0,375,667,247,214,1974,383,0,0.0031249999534338716,38.47137451171875,38.47137451171875
"m","98335e9192e31111a8ba0cf2782eddc5",1182238,116,320,568,306,306,3196,3196,0,0,38.290771484375,38.290771484375
"m","93646a72e6b2080d19a211e210265e16",1169490,826,360,640,237,308,560,353,1,0,0,0
"m","8288df56209a55930e9521b2393efc1b",1182306,97,360,760,295,316,520,420,0.003921568859368563,0,0,0
"m","53b64167ddfe244f4382d0ab43e36753",1169490,78,375,667,230,210,238,362,0,0,38.47137451171875,38.47137451171875
"m","98335e9192e31111a8ba0cf2782eddc5",1182238,189,320,568,313,313,3171,3171,0,0,25.5242919921875,25.5242919921875
"m","93646a72e6b2080d19a211e210265e16",1169490,363,360,640,225,254,539,445,1,0,0,0
"m","1557826955443839874",1182174,116,360,740,260,234,459,563,1,0,0.25,0.25
"m","8288df56209a55930e9521b2393efc1b",1182302,0,360,760,276,293,529,564,0.003921568859368563,0,0,0
"m","98335e9192e31111a8ba0cf2782eddc5",1182238,185,320,568,309,309,38,38,0,0,38.290771484375,38.290771484375
"m","93646a72e6b2080d19a211e210265e16",1169490,3414,360,640,215,267,544,401,1,0,0,0
"m","1557826955443839874",1169390,200,360,740,225,221,609,486,1,0,0.25,0.25
"m","8288df56209a55930e9521b2393efc1b",1182302,0,360,760,276,293,529,564,0.003921568859368563,0,0,0
"m","98335e9192e31111a8ba0cf2782eddc5",1182238,132,320,568,216,224,3263,3231,0,0,38.290771484375,38.290771484375
"m","93646a72e6b2080d19a211e210265e16",1169490,179,360,640,242,264,555,435,1,0,0,0
"m","1557826955443839874",1182174,720,360,740,247,234,477,486,1,0,0.25,0.25
"m","8288df56209a55930e9521b2393efc1b",1182306,0,360,760,292,327,493,396,0.003921568859368563,0,0,0
"m","98335e9192e31111a8ba0cf2782eddc5",1182238,116,320,568,306,306,3196,3196,0,0,38.290771484375,38.290771484375
"m","93646a72e6b2080d19a211e210265e16",1182238,945,360,640,228,287,533,410,1,0,0,0
"m","1557826955443839874",1169390,323,360,740,236,233,613,504,1,0,0.25,0.25
"m","8288df56209a55930e9521b2393efc1b",1182306,389,360,760,295,308,439,435,0.003921568859368563,0,0,0
"m","98335e9192e31111a8ba0cf2782eddc5",1182238,217,320,568,199,230,314,298,0,0,38.290771484375,38.290771484375
"m","93646a72e6b2080d19a211e210265e16",1169490,412,360,640,229,275,500,386,1,0,0,0
"m","1557826955443839874",1169390,153,360,740,223,222,603,510,1,0,0.25,0.25
"m","8288df56209a55930e9521b2393efc1b",1182306,616,360,760,270,253,468,548,0.003921568859368563,0,0,0
"m","98335e9192e31111a8ba0cf2782eddc5",1182238,133,320,568,216,224,3263,3231,0,0,38.290771484375,38.290771484375
"m","93646a72e6b2080d19a211e210265e16",1169490,179,360,640,247,202,399,512,1,0,0,0
"m","1557826955443839874",1169390,179,360,740,223,220,609,498,1,0,0.25,0.25
"m","8288df56209a55930e9521b2393efc1b",1182306,47,360,760,303,296,430,517,0.003921568859368563,0,0,0
"m","98335e9192e31111a8ba0cf2782eddc5",1182238,217,320,568,199,230,314,298,0,0,38.290771484375,38.290771484375
"m","93646a72e6b2080d19a211e210265e16",1169490,1265,360,640,228,229,420,451,1,0,0,0
"m","1557826955443839874",1169390,165,360,740,227,226,613,503,1,0,0.25,0.25
"m","98335e9192e31111a8ba0cf2782eddc5",1169490,129,320,568,246,242,2835,2801,0,0,25.5242919921875,25.5242919921875
"m","93646a72e6b2080d19a211e210265e16",1169490,484,360,640,265,205,384,579,1,0,0,0
"m","1557826955443839874",1169390,173,360,740,226,224,601,497,1,0,0.25,0.25
"m","98335e9192e31111a8ba0cf2782eddc5",1169490,130,320,568,316,316,2867,2867,0,0,25.5242919921875,25.5242919921875
"m","93646a72e6b2080d19a211e210265e16",1169490,973,360,640,202,251,542,440,1,0,0,0
"m","1557826955443839874",1169390,99,360,740,251,228,469,552,1,0,0.25,0.25
"m","98335e9192e31111a8ba0cf2782eddc5",1169490,111,320,568,217,217,1855,1855,0,0,38.290771484375,38.290771484375
"m","93646a72e6b2080d19a211e210265e16",1169490,187,360,640,209,237,543,458,1,0,0,0
"m","1557826955443839874",1182174,207,360,740,231,227,603,512,1,0,0.25,0.25
"m","98335e9192e31111a8ba0cf2782eddc5",1169490,105,320,568,204,215,335,302,0,0,38.290771484375,38.290771484375
"m","93646a72e6b2080d19a211e210265e16",1169490,93,360,640,210,239,542,461,1,0,0,0
"m","1557826955443839874",1169390,173,360,740,238,221,629,519,1,0,0.25,0.25
"m","98335e9192e31111a8ba0cf2782eddc5",1169490,105,320,568,204,215,335,302,0,0,38.290771484375,38.290771484375
"m","93646a72e6b2080d19a211e210265e16",1169490,439,360,640,208,239,534,457,1,0,0,0
"m","1557826955443839874",1182174,184,360,740,228,226,597,487,1,0,0.25,0.25
"m","98335e9192e31111a8ba0cf2782eddc5",1169490,114,320,568,206,231,2010,1987,0,0,38.290771484375,38.290771484375
"m","93646a72e6b2080d19a211e210265e16",1169490,179,360,640,198,228,551,467,1,0,0,0
"m","1557826955443839874",1169390,137,360,740,224,220,601,505,1,0,0.25,0.25
"m","98335e9192e31111a8ba0cf2782eddc5",1169490,129,320,568,246,242,2835,2801,0,0,25.5242919921875,25.5242919921875
"m","93646a72e6b2080d19a211e210265e16",1169490,94,360,640,214,253,536,423,1,0,0,0
"m","1557826955443839874",1169390,256,360,740,232,234,598,495,1,0,0.25,0.25
"m","98335e9192e31111a8ba0cf2782eddc5",1169490,111,320,568,217,217,1855,1855,0,0,38.290771484375,38.290771484375
"m","93646a72e6b2080d19a211e210265e16",1169490,149,360,640,210,254,537,418,1,0,0,0
"m","1557826955443839874",1169390,141,360,740,225,223,609,493,1,0,0.25,0.25
"m","98335e9192e31111a8ba0cf2782eddc5",1169490,195,320,568,189,230,1800,1779,0,0,38.290771484375,38.290771484375
"m","93646a72e6b2080d19a211e210265e16",1169490,2967,360,640,212,218,461,514,1,0,0,0
"m","1557826955443839874",1169390,354,360,740,250,238,628,534,1,0,0.25,0.25
"m","98335e9192e31111a8ba0cf2782eddc5",1169490,130,320,568,316,316,2867,2867,0,0,25.5242919921875,25.5242919921875
"m","93646a72e6b2080d19a211e210265e16",1182238,350,360,640,212,244,555,483,1,0,0,0
"m","1557826955443839874",1169390,170,360,740,227,221,612,504,1,0,0.25,0.25
"m","98335e9192e31111a8ba0cf2782eddc5",1169490,195,320,568,189,230,1800,1779,0,0,38.290771484375,38.290771484375
"m","93646a72e6b2080d19a211e210265e16",1169490,387,360,640,229,260,548,440,1,0,0,0
"m","1557826955443839874",1182174,129,360,740,260,232,459,543,1,0,0.25,0.25
"m","98335e9192e31111a8ba0cf2782eddc5",1169490,113,320,568,206,231,2010,1987,0,0,38.290771484375,38.290771484375
"m","93646a72e6b2080d19a211e210265e16",1169490,1064,360,640,217,205,548,571,1,0,0,0
"m","1557826955443839874",1169390,192,360,740,227,223,613,499,1,0,0.25,0.25
"m","c6a8d31efa3400852d685dbeb7395e49",1169490,110,375,667,266,260,353,441,0,0,25.6475830078125,25.6475830078125
"m","93646a72e6b2080d19a211e210265e16",1169490,452,360,640,230,278,527,397,1,0,0,0
"m","1557826955443839874",1169390,144,360,740,197,208,536,449,1,0,0.25,0.25
"m","c6a8d31efa3400852d685dbeb7395e49",1169490,110,375,667,266,260,353,441,0,0,25.6475830078125,25.6475830078125
"m","93646a72e6b2080d19a211e210265e16",1169490,312,360,640,243,271,578,456,1,0,0,0
"m","1557826955443839874",1169390,340,360,740,199,199,584,471,1,0,0.25,0.25
"m","c6a8d31efa3400852d685dbeb7395e49",1169490,120,375,667,15,15,84,84,0,0,25.6475830078125,25.6475830078125
"m","93646a72e6b2080d19a211e210265e16",1169490,161,360,640,237,248,540,463,1,0,0,0
"m","1557826955443839874",1169390,209,360,740,196,194,546,461,1,0,0.25,0.25
"m","c6a8d31efa3400852d685dbeb7395e49",1169490,108,375,667,290,290,340,340,0,0.02,25.6475830078125,25.6475830078125
"m","93646a72e6b2080d19a211e210265e16",1169490,159,360,640,219,238,542,458,1,0,0,0
"m","1557826955443839874",1169390,226,360,740,202,217,555,438,1,0,0.5,0.5
"m","c6a8d31efa3400852d685dbeb7395e49",1169490,191,375,667,315,317,430,403,0,0.012499999999999999,25.6475830078125,25.6475830078125
"m","93646a72e6b2080d19a211e210265e16",1169490,337,360,640,211,268,543,404,1,0,0,0
"m","1557826955443839874",1169390,215,360,740,213,220,546,453,1,0,0.25,0.25
"m","c6a8d31efa3400852d685dbeb7395e49",1169490,108,375,667,290,290,340,340,0,0.02,25.6475830078125,25.6475830078125
"m","93646a72e6b2080d19a211e210265e16",1169490,317,360,640,212,232,557,468,1,0,0,0
"m","1557826955443839874",1169390,191,360,740,196,193,569,496,1,0,0.25,0.25
"m","c6a8d31efa3400852d685dbeb7395e49",1169490,56,375,667,316,316,488,488,0,0,25.6475830078125,25.6475830078125
"m","93646a72e6b2080d19a211e210265e16",1169490,193,360,640,215,256,551,428,1,0,0,0
"m","1557826955443839874",1169390,123,360,740,324,324,618,615,1,0,0.25,0.25
"m","c6a8d31efa3400852d685dbeb7395e49",1169490,191,375,667,315,317,430,403,0,0.012499999999999999,25.6475830078125,25.6475830078125
"m","93646a72e6b2080d19a211e210265e16",1169490,184,360,640,216,255,542,419,1,0,0,0
"m","1557826955443839874",1169390,235,360,740,232,220,624,536,1,0,0.25,0.25
"m","c6a8d31efa3400852d685dbeb7395e49",1169490,121,375,667,15,15,84,84,0,0,25.6475830078125,25.6475830078125
"m","93646a72e6b2080d19a211e210265e16",1169490,621,360,640,215,277,545,413,1,0,0,0
"m","1557826955443839874",1169390,237,360,740,202,213,597,434,1,0,0.25,0.25
"m","c6a8d31efa3400852d685dbeb7395e49",1169490,56,375,667,316,316,488,488,0,0,25.6475830078125,25.6475830078125
"m","93646a72e6b2080d19a211e210265e16",1182238,679,360,640,205,249,551,443,1,0,0,0
"m","1557826955443839874",1169390,164,360,740,278,260,613,501,1,0,0.25,0.25
"m","c6a8d31efa3400852d685dbeb7395e49",1169490,71,375,667,311,285,1255,1344,0,0.02,25.6475830078125,25.6475830078125
"m","93646a72e6b2080d19a211e210265e16",1182238,2222,360,640,223,267,547,444,1,0,0,0
"m","1557826955443839874",1169390,168,360,740,237,232,624,525,1,0,0.25,0.25
"m","c6a8d31efa3400852d685dbeb7395e49",1169490,71,375,667,311,285,1255,1344,0,0.02,25.6475830078125,25.6475830078125
"m","93646a72e6b2080d19a211e210265e16",1169490,192,360,640,324,324,578,578,1,0,0,0
"m","e4871f665fbd35516297cf3a2a251516",1169490,246,360,740,98,50,495,369,1,0,0.738525390625,0.738525390625
"m","fc56601fd2b8208d87e83d9e27b676c2",1182111,275,320,568,705,648,524,105,1,0,11.5,11.5
"m","93646a72e6b2080d19a211e210265e16",1169490,2788,360,640,211,246,575,460,1,0,0,0
"m","e4871f665fbd35516297cf3a2a251516",1169490,244,360,740,54,37,489,366,1,0,0.604248046875,0.604248046875
"m","fc56601fd2b8208d87e83d9e27b676c2",1182111,912,320,568,704,708,450,279,1,0,11.5,11.5
"m","93646a72e6b2080d19a211e210265e16",1182238,562,360,640,244,201,410,596,1,0,0,0
"m","e4871f665fbd35516297cf3a2a251516",1169490,243,360,740,54,26,494,343,1,0,0.537109375,0.537109375
"m","fc56601fd2b8208d87e83d9e27b676c2",1182111,255,320,568,709,690,464,219,1,0,11.5,11.5
"m","93646a72e6b2080d19a211e210265e16",1182238,402,360,640,204,271,551,407,1,0,0,0
"m","e4871f665fbd35516297cf3a2a251516",1169490,178,360,740,70,28,477,330,1,0,0.604248046875,0.604248046875
"m","fc56601fd2b8208d87e83d9e27b676c2",1169490,168,320,568,748,665,591,301,1,0,11.5,11.5
"m","93646a72e6b2080d19a211e210265e16",1182238,159,360,640,215,232,551,477,1,0,0,0
"m","e4871f665fbd35516297cf3a2a251516",1169490,111,360,740,24,57,327,529,1,0,0.738525390625,0.738525390625
"m","fc56601fd2b8208d87e83d9e27b676c2",1169490,687,320,568,782,711,638,291,1,0,11.5,11.5
"m","93646a72e6b2080d19a211e210265e16",1182238,5315,360,640,236,245,419,462,1,0,0,0
"m","e4871f665fbd35516297cf3a2a251516",1169490,206,360,740,50,21,491,334,1,0,0.738525390625,0.738525390625
"m","fc56601fd2b8208d87e83d9e27b676c2",1182189,400,320,568,703,706,518,157,1,0,11.5,11.5
"m","93646a72e6b2080d19a211e210265e16",1182238,138,360,640,233,194,416,521,1,0,0,0
"m","e4871f665fbd35516297cf3a2a251516",1169490,212,360,740,55,22,499,331,1,0,0.537109375,0.537109375
"m","93646a72e6b2080d19a211e210265e16",1182238,709,360,640,215,271,550,414,1,0,0,0
"m","e4871f665fbd35516297cf3a2a251516",1169490,264,360,740,64,50,506,375,1,0,0.537109375,0.537109375
"m","93646a72e6b2080d19a211e210265e16",1182238,2020,360,640,210,243,479,442,1,0,0,0
"m","e4871f665fbd35516297cf3a2a251516",1169490,35,360,740,33,62,336,518,1,0,0.872802734375,0.872802734375
"m","93646a72e6b2080d19a211e210265e16",1182238,424,360,640,291,198,372,599,1,0,0,0
"m","e4871f665fbd35516297cf3a2a251516",1169490,231,360,740,80,33,503,336,1,0,0.738525390625,0.738525390625
"m","93646a72e6b2080d19a211e210265e16",1182238,663,360,640,219,272,540,431,1,0,0,0
"m","e4871f665fbd35516297cf3a2a251516",1169490,560,360,740,20,31,329,358,1,0,0.604248046875,0.604248046875
"m","93646a72e6b2080d19a211e210265e16",1182238,1332,360,640,220,265,541,431,1,0,0,0
"m","93646a72e6b2080d19a211e210265e16",1182238,278,360,640,223,271,548,432,1,0,0,0

